"lakeName","Year","Month","sampleID","siteID","latitude","longitude","Date","TOD","secchi","sampleDepth","wind","DIC","DOC","Altitude","windMS","conductivity","oxygenConcentration","oxygenPercent","pH","salinity","specificConductivity","TDS","temperature","Day","pco2atm","DICumol","chlvalue","CO2fluxmmolm2d","pCO2uatm"
"Adrian",2013,8,11,10,49.694355,-102.871946,2013-08-01,"1:40:00 PM",0.45,1.2,20,158.469,30.218,610,5.55555555555556,1405,5.18,65.2,9.04,0.8,1578,NA,19.4,1,395.01,13205.75,13.26,11.2942544013533,533.692245235765
"Alioth",2013,8,69,68,52.50691,-109.554552,2013-08-20,"3:20:00 AM",0,0.58,12,39.365,63.005,640,3.33333333333333,21217,13.44,190.6,10.33,13.92,23016,NA,21.1,20,395.01,3280.41666666667,2.935,-143.764579607457,1.14540142081097
"Alsask",2013,8,26,25,51.337208,-109.876513,2013-08-08,"10:00:00 AM",1.58,3.2,13,607.6,74.036,638,3.61111111111111,92241,13.87,271.9,9.35,74.84,102546,NA,19.8,8,395.01,50633.3333333333,2.83,4.9907478354662,423.053997729136
"Annie Laurie",2013,8,49,48,51.970037,-102.668184,2013-08-15,"12:17:00 PM",0.175,1.3,12,39.075,19.113,508,3.33333333333333,494.9,9.77,128,8.77,0.25,524.3,NA,22.1,15,395.01,3256.25,60.825,-8.66906249162167,271.528798880031
"Antelope",2013,8,102,100,50.275582,-108.391484,2013-08-17,"4:05:00 PM",2.7,7.7,5,122.612,44.277,705,1.38888888888889,12850,12.1,192,9.42,7.87,NA,8.846,22.19,17,395.01,10217.6666666667,NA,-60.2893817478079,110.200590655047
"Arthur",2013,8,95,93,52.563928,-105.443097,2013-08-06,"12:20:00 PM",3,6.7,15,95.46,30.748,544,4.16666666666667,11620,7.6,114,9.06,7.16,NA,8.089,20.27,6,395.01,7955,NA,-10.3921195152648,239.942669025554
"Barber",2013,8,31,30,51.369423,-107.664354,2013-08-09,"",1.346,1.6,5,73.448,21.597,551,1.38888888888889,2187,2.04,25.9,8.5,1.26,2443,NA,19.6,9,395.01,6120.66666666667,3.2,41.6481906324716,874.875939002138
"Bitter",2013,8,15,14,50.096027,-109.789666,2013-08-06,"10:00:00 AM",0.03,0.9,12,103.728,46.918,707,3.33333333333333,21960,4.6,64.6,8.68,15.1,24765,NA,19.1,6,395.01,8644,55.625,16.4104879882159,626.720436272115
"Blackstrap",2013,7,6,5,51.785259,-106.438293,2013-07-31,"9:00:00 AM",1.6,7.9,0,40.667,8.89,542,0,779,6.49,80.4,8.85,0.43,876,NA,19.2,31,397.19,3388.91666666667,18.33,-20.0422060393902,226.110132649694
"Buffalo Pound",2013,8,85,84,50.608245,-105.426535,2013-08-29,"12:45:00 PM",0.48,4.1,4,32.803,6.841,506,1.11111111111111,606,7.27,96.5,8.9,0.31,639,NA,22.3,29,395.01,2733.58333333333,62.77,-32.9110445562919,165.33516569608
"Bullkin",2013,8,46,45,49.24677,-105.072949,2013-08-13,"3:00:00 PM",0.16,0.7,20,115.096,19.447,665,5.55555555555556,3393,6.85,87.7,9.06,2.01,3792,NA,19.4,13,395.01,9591.33333333333,9.38,-1.53779861067196,339.691371066367
"Chapleau",2013,8,80,79,50.181708,-103.343929,2013-08-26,"9:58:00 AM",0.209,1.4,12,49.808,19.702,645,3.33333333333333,787,5.67,75.7,8.86,0.42,848,NA,21.2,26,395.01,4150.66666666667,121.415,-8.38655598289875,271.69081042604
"Charron",2013,8,91,89,52.404288,-104.310145,2013-08-01,"11:20:00 AM",2,8.8,15,96.402,26.955,567,4.16666666666667,7547,7.3,107,10.61,4.77,NA,5.549,18.92,1,395.01,8033.5,NA,-158.123843746896,1.38382943988432
"Clair",2013,8,111,109,51.987347,-104.061521,2013-08-27,"5:16:00 PM",0,3,20,53.187,19.94,523,5.55555555555556,1536,9.7,149,9.18,0.82,NA,1.058,22.08,27,395.01,4432.25,NA,-20.8195897336226,125.652416531391
"Clearwater",2013,8,28,27,50.873253,-107.929351,2013-08-08,"3:45:00 PM",0.52,7,0,127.334,27.501,681,0,1212,7.11,90.1,9.18,0.68,1362,NA,19.3,8,395.01,10611.1666666667,26.825,-11.3299086395585,305.852187790583
"Coldspring",2013,8,73,72,52.347531,-108.592693,2013-08-21,"8:33:00 AM",0.74,2.4,24,103.52,35.623,642,6.66666666666667,9155,6.93,89.2,8.83,5.86,10336,NA,19,21,395.01,8626.66666666667,7.32,6.12957120725647,483.216778833661
"Crooked",2013,8,83,82,50.608299,-102.724626,2013-08-28,"10:52:00 AM",0.624,10.2,13,54.24,12.769,456,3.61111111111111,1543,13.76,186.3,9.12,0.8,1576,NA,24,28,395.01,4520,NA,-29.5024342367781,149.367938467354
"Cutbank",2013,8,33,32,50.53318,-106.997408,2013-08-09,"2:00:00 PM",0.3,2.4,0,105.265,32.345,700,0,4064,13.05,174.2,9.08,2.41,4506,NA,19.9,9,395.01,8772.08333333333,60.655,-12.7961855125884,289.595789704607
"Cypress",2013,8,20,19,49.472363,-109.473664,2013-08-07,"8:35:00 AM",1.54,5.6,0,66.285,15.361,983,0,550,5.77,74,8.82,0.3,620,NA,19.1,7,395.01,5523.75,5.125,7.3857410168267,403.34866230217
"Deadmoose",2013,8,106,104,52.302819,-105.167261,2013-08-23,"9:15:00 AM",3.1,15.1,10,82.464,26.464,538,2.77777777777778,15940,6.1,91,9.42,10.47,NA,11.49,19.82,23,395.01,6872,NA,-44.4867613861328,71.2561459948154
"Deep",2013,8,79,78,50.41623,-103.681597,2013-08-26,"6:38:00 AM",0.4415,2.2,12,59.768,20.849,614,3.33333333333333,2771,9.42,125.5,8.88,1.53,2946,NA,21.9,26,395.01,4980.66666666667,68.7,-7.69528090315405,282.858084172245
"Dewey",2013,8,34,33,50.583209,-107.068083,2013-08-09,"11:45:00 AM",2.3,2.3,0,122.91,35.586,731,0,12881,3.26,44,8.39,8.54,14655,NA,18.7,9,395.01,10242.5,4.135,92.2494608787442,1597.71349471446
"Diefenbaker",2013,8,84,83,51.098348,-106.622533,2013-08-29,"9:00:00 AM",4.4,28.5,0,34.053,5.528,554,0,413.6,6.73,59,8.5,0.21,445.8,NA,21.2,29,395.01,2837.75,2.64,8.74579726051608,449.13390763075
"Eaglehill",2013,8,75,74,52.362157,-108.968503,2013-08-21,"10:55:00 AM",0.29,1.1,35,79.081,36.376,624,9.72222222222222,4371,0.14,2,9.02,2.64,4896,NA,19.4,21,395.01,6590.08333333333,29.395,-5.47950579709552,250.99176495375
"Edouard",2013,8,92,90,52.382578,-104.350314,2013-08-01,"2:28:00 PM",0.5,5.6,15,44.534,15.788,571,4.16666666666667,622,10.2,152,9.4,0.34,NA,0.448,19.95,1,395.01,3711.16666666667,NA,-38.7395723853495,64.0002132285716
"Elkwater",2013,8,18,17,49.667517,-110.294373,2013-08-06,"1:30:00 PM",1.73,7.9,28,39.674,6.247,1271,7.77777777777778,331.8,6.73,90.7,8.65,0.18,377.4,NA,18.7,6,395.01,3306.16666666667,4.615,1.58020049540278,368.531391896858
"Eyebrow",2013,8,25,24,50.955291,-106.18512,2013-08-08,"8:00:00 AM",0.9,0.9,0,36.506,5.237,526,0,370.7,7.25,89.2,8.34,0.21,428.9,NA,17.9,8,395.01,3042.16666666667,2.545,24.9517448229434,692.287169212205
"Farewell",2013,8,65,64,52.470286,-109.375777,2013-08-20,"10:38:00 AM",0.01,0.4,24,265.41,38.853,582,6.66666666666667,5440,11.17,133.2,9.4,3.57,6498,NA,16.5,20,395.01,22117.5,48.495,-4.45635310544554,299.791652440238
"Fife",2013,8,43,42,49.217149,-105.862596,2013-08-13,"11:50:00 AM",0.34,2.4,20,175.996,19.958,799,5.55555555555556,2541,6.7,87.5,9.06,1.47,2822,NA,20,13,395.01,14666.3333333333,12.825,12.3031817286861,535.754020216251
"Fishing",2013,8,104,102,51.815789,-103.471541,2013-08-20,"9:30:00 AM",1.5,11.5,10,59.502,17.883,526,2.77777777777778,3079,10.1,157,9.39,1.7,NA,2.109,22.4,20,395.01,4958.5,NA,-56.6789745166598,74.7686325466472
"Freefight",2013,8,23,22,50.40064,-109.112534,2013-08-07,"1:30:00 PM",4.75,15,5,417.6,113.676,705,1.38888888888889,28857,5.59,79.3,9.07,20.09,32132,NA,19.7,7,395.01,34800,13.005,63.6329171272269,875.237936538913
"Good Spirt",2013,8,55,54,51.551032,-102.670779,2013-08-16,"9:34:00 AM",1.272,5.2,18,48.345,18.688,485,5,852,7.47,94.3,8.71,0.46,941,NA,20.1,16,395.01,4028.75,6.815,0.183886106671081,374.347010214767
"Gouverneur",2013,8,44,43,49.758979,-107.650273,2013-08-13,"12:00:00 PM",1.75,7.2,10,90.498,19.167,760,2.77777777777778,2429,6.76,88.5,8.75,1.38,2662,NA,20.3,13,395.01,7541.5,4.975,19.7049155622213,591.826275310927
"Grassy",2013,8,12,11,51.239566,-104.627108,2013-08-04,"2:16:00 PM",1.47,2,12,84.567,34.53,558,3.33333333333333,1192,6.16,79.7,8.99,0.64,1284,NA,21.3,4,395.01,7047.25,1.615,-4.20252720730028,327.456950120787
"Greenwater",2013,8,52,51,52.518832,-103.502911,2013-08-15,"8:36:00 AM",0.686,7.5,9,41.36,12.458,597,2.5,627,7.32,84.1,8.5,0.33,679,NA,21.1,15,395.01,3446.66666666667,6.035,12.7260281166661,535.119826351797
"Gull",2013,8,16,15,50.109735,-108.498666,2013-08-06,"12:01:00 PM",0.665,5,25,94.276,26.741,782,6.94444444444444,3489,7.44,99.5,8.96,2.04,3848,NA,20.1,6,395.01,7856.33333333333,NA,-0.0304753125343761,356.814425875721
"Handsome",2013,8,32,31,50.489624,-107.383296,2013-08-09,"9:00:00 AM",0.21,1.9,0,112.395,34.215,709,0,3565,8.78,114.8,9.02,2.19,4105,NA,18.3,9,395.01,9366.25,104.22,0.507426100880961,364.096260252713
"Harris",2013,8,22,21,49.815004,-109.503615,2013-08-07,"11:30:00 AM",1.16,5.1,13,44.273,10.884,849,3.61111111111111,630,6.18,80.5,8.84,0.35,713,NA,18.9,7,395.01,3689.41666666667,9.315,-7.55289604458124,254.884207637171
"Horse",2013,8,53,52,51.387156,-103.561985,2013-08-16,"6:00:00 AM",0.4595,3.3,15,103.534,31.984,671,4.16666666666667,1284,4.45,58.3,8.79,0.7,1398,NA,20.8,16,395.01,8627.83333333333,56.05,20.2200098235881,646.825370530708
"Humbolt",2013,8,105,103,52.144261,-105.12045,2013-08-22,"5:16:00 PM",1.5,6.3,20,56.37,16.467,552,5.55555555555556,1529,8.4,128,9.12,0.84,NA,1.073,21.12,22,395.01,4697.5,NA,-16.3779589759444,154.92348403211
"Ingebright",2013,8,21,20,50.356085,-109.323948,2013-08-07,"10:42:00 AM",0,2.5,15,145.946,238.716,681,4.16666666666667,81616,3.51,67.2,8.33,63.62,89331,NA,20.5,7,395.01,12162.1666666667,4.34,64.3168844676751,1764.77727066384
"Island",2013,8,38,37,49.129387,-108.226411,2013-08-12,"1:15:00 PM",1,2,13,44.38,14.639,877,3.61111111111111,350.8,5.28,71.3,8.91,0.18,376,NA,21.6,12,395.01,3698.33333333333,12.735,-12.1311846388103,223.893200675307
"Junction",2013,8,24,23,49.959172,-109.510544,2013-08-07,"2:30:00 PM",1.18,9,0,57.047,12.85,757,0,1184,4.21,55.1,8.93,0.66,1326,NA,19.7,7,395.01,4753.91666666667,8.215,-16.1121939738106,254.946760057516
"Katepwa",2013,8,86,85,50.709939,-103.646447,2013-08-30,"7:53:00 AM",1.15,22.4,20,51.173,11.76,474,5.55555555555556,1389,10.01,133.1,9.01,0.74,1465,NA,22.5,30,395.01,4264.41666666667,17.17,-13.6978642634849,186.838337364462
"Kenosee",2013,8,10,9,49.822812,-102.297505,2013-08-01,"10:18:00 AM",0.98,7.4,14,90.806,29.613,743,3.88888888888889,2274,7.26,94,8.79,1.32,2555,NA,19.2,1,395.01,7567.16666666667,25.555,12.5031886392466,540.688998891445
"Kindersley",2013,8,29,28,51.421035,-109.101516,2013-08-09,"8:00:00 AM",0.7325,1.6,0,32.905,19.197,686,0,723,4.69,56.8,9.66,0.42,842,NA,17.6,9,395.01,2742.08333333333,23.845,-106.703455527805,23.1287228503507
"Kipabiskau",2013,8,110,108,52.568376,-104.183634,2013-08-27,"1:10:00 PM",1.95,6.8,10,56.685,21.15,519,2.77777777777778,999.9,7.9,123,9.14,0.52,NA,0.684,22.34,27,395.01,4723.75,NA,-32.2387554751609,153.491028150646
"Lac Pelletier",2013,8,103,101,49.98639,-107.935497,2013-08-18,"9:12:00 AM",0,8.8,15,75.42,10.663,839,4.16666666666667,779,11.4,180,9.65,0.41,NA,0.541,21.68,18,395.01,6285,NA,-56.9788521243042,53.8398106875891
"Last Mountain",2013,8,87,86,51.101797,-105.263193,2013-08-30,"10:03:00 AM",1.42,18.5,26,61.771,12.538,487,7.22222222222222,1901,8.53,110.7,8.88,1.05,2046,NA,21.3,30,395.01,5147.58333333333,NA,-3.67288938159022,301.823081560163
"Lenore",2013,8,109,107,52.508747,-104.974165,2013-08-26,"3:04:00 PM",1.1,10.1,15,84.347,22.252,525,4.16666666666667,3950,5.8,90,9.3,2.18,NA,2.669,23,26,395.01,7028.91666666667,NA,-31.1389491150835,130.86494041115
"Lenore SB",2013,8,108,106,52.446064,-105.004627,2013-08-26,"11:45:00 AM",2.5,9.1,15,80.995,22.528,525,4.16666666666667,3867,4.5,69,9.4,2.2,NA,2.692,21.53,26,395.01,6749.58333333333,NA,-36.5350327885717,95.977731836922
"Lewis Creek South",2013,8,47,46,51.438574,-105.528084,2013-08-15,"7:50:00 AM",0.44,1.9,10,43.359,24.569,518,2.77777777777778,2419,3.27,42.6,8.66,1.36,2630,NA,21.1,15,395.01,3613.25,68.245,-1.37626919376864,352.576154572792
"Little Manitou",2013,8,67,66,52.619465,-109.618248,2013-08-20,"12:25:00 PM",0.7545,3.8,11,249.643,48.526,607,3.05555555555556,6160,9.86,130.8,9.19,3.62,6598,NA,21.5,20,395.01,20803.5833333333,32.015,16.1912643896202,489.109626678837
"Little Manitwo",2013,8,93,91,51.736659,-105.523586,2013-08-01,"10:48:00 AM",0.5,6.7,5,91.201,64.441,503,1.38888888888889,58870,10.1,149,9.09,44.44,NA,42.54,19.75,1,395.01,7600.08333333333,NA,-23.7263519946621,157.222382291067
"Lonetree",2013,8,36,35,49.081147,-108.258855,2013-08-12,"10:40:00 AM",0.5025,4,20,47.42,15.261,858,5.55555555555556,358.8,7.47,98.4,9.06,0.19,394.8,NA,20.3,12,395.01,3951.66666666667,42.03,-13.5431607294999,165.681294120424
"Luck",2013,8,27,26,51.069232,-107.100618,2013-08-08,"12:00:00 PM",0.66,0.8,1,47.054,27.277,585,0.277777777777778,7101,7.98,100.7,9.62,4.55,8147,NA,18.2,8,395.01,3921.16666666667,1.005,-96.109061716,26.600463253369
"Macklin",2013,8,72,71,52.31997,-109.949416,2013-08-21,"8:14:00 AM",0.696,2.8,10,127.462,31.332,650,2.77777777777778,1453,4.63,59.7,8.39,0.8,1587,NA,20.6,21,395.01,10621.8333333333,7.515,105.820351335569,2027.8916878912
"Madge",2013,8,51,50,51.654347,-101.634549,2013-08-15,"3:22:00 PM",2.815,12.3,10,43.166,13.118,598,2.77777777777778,714,8.85,114.3,8.55,0.38,777,NA,20.8,15,395.01,3597.16666666667,4.395,9.39146555683292,493.117262437197
"Manitou",2013,8,63,62,52.762476,-109.751467,2013-08-20,"8:18:00 AM",1.845,15.9,25,682.795,114.329,598,6.94444444444444,28527,6.01,92,9.57,27,41995,NA,20.7,20,395.01,56899.5833333333,4.345,-3.77334990748973,315.226282027091
"Mason",2013,8,19,18,50.361342,-109.353375,2013-08-07,"8:33:00 AM",0.24,1.9,5,184.987,45.451,691,1.38888888888889,7902,3.82,51.5,9.26,4.97,8870,NA,19.3,7,395.01,15415.5833333333,6.77,-12.4478323006084,289.066557492283
"McDonald",2013,7,5,4,49.193596,-103.24316,2013-07-29,"1:16:00 PM",1.5,14.5,0,41.19,10.384,541,0,462.1,8.64,110.2,8.48,0.25,508.1,NA,20.2,29,397.19,3432.5,14.065,19.2602900267398,564.612312728046
"McLean",2013,8,70,69,52.615348,-109.369339,2013-08-20,"3:28:00 PM",0,6.5,24,189.586,198.252,584,6.66666666666667,62825,NA,NA,9.27,46.22,67730,NA,21.2,20,395.01,15798.8333333333,173.985,-10.4656204415628,186.469668092462
"Middle",2013,8,94,92,52.562869,-105.194594,2013-08-06,"8:54:00 AM",3.3,10,5,85.516,31.605,516,1.38888888888889,7602,7.2,107,9.07,4.71,NA,5.48,19.86,6,395.01,7126.33333333333,NA,-21.1600646647426,222.807387219877
"Montague",2013,8,45,44,49.474371,-105.826204,2013-08-13,"9:00:00 AM",0.11,1.4,13,100.373,12.851,727,3.61111111111111,1865,6.97,88.9,9.07,1.07,2085,NA,19.7,13,395.01,8364.41666666667,12.65,-5.13204301342162,306.598971815259
"Newton",2013,8,41,40,49.318744,-107.829794,2013-08-12,"3:52:00 PM",1.15,4.2,12,46.545,8.057,805,3.33333333333333,709,6.96,91.6,8.92,0.38,727,NA,20.7,12,395.01,3878.75,2.94,-12.810736346416,220.776693040883
"Nickle",2013,7,4,2,49.585871,-103.779345,2013-07-29,"7:31:00 AM",0.79,5.7,0,35.309,15.661,560,0,455,7.18,90.6,8.17,0.25,508.8,NA,19.6,29,397.19,2942.41666666667,5.885,44.435011509147,988.768158786697
"Old Wives",2013,8,35,34,50.095036,-105.992192,2013-08-12,"7:30:00 AM",0.43,1.7,12,82.764,18.942,666,3.33333333333333,2562,7.69,97.8,9.3,1.51,2900,NA,18.9,12,395.01,6897,14.955,-27.9176084663718,135.690838566957
"Opuntia",2013,8,89,88,51.808829,-108.573124,2013-08-08,"11:58:00 AM",1.45,1.6,9,133.47,28.742,594,2.5,5220,4.87,66.4,9.03,2.98,5500,NA,22.6,8,395.01,11122.5,2.665,5.31532068414314,405.862497156463
"Pasqua",2013,8,88,87,50.79004,-103.943374,2013-08-30,"10:05:00 AM",0.75,12.5,34,52.128,12.662,499,9.44444444444444,1444,7.47,99.7,9.04,0.77,1523,NA,22.3,30,395.01,4344,14.26,-9.69405450402212,176.096776826101
"Peter",2013,8,56,55,51.464382,-104.913697,2013-08-16,"12:17:00 PM",0.5,0.5,20,41.037,35.329,519,5.55555555555556,4907,14.23,190.5,9.49,2.78,5159,NA,22.4,16,395.01,3419.75,0.565,-38.6342347779463,36.2034018518826
"Pike",2013,7,8,7,51.897708,-106.816893,2013-07-31,"2:56:00 PM",0.99,2.5,11,59.997,18.313,485,3.05555555555556,491.3,7.59,96.9,8.66,0.26,545.7,NA,19.8,31,397.19,4999.75,13.22,12.2450380485638,537.421186059605
"Porter",2013,7,7,6,52.193087,-106.28688,2013-07-31,"11:23:00 AM",1.825,4,17,83.677,25.979,812,4.72222222222222,5472,5.25,65,8.49,2.78,5143,NA,19.2,31,397.19,6973.08333333333,2.82,30.3600441651619,941.034467061982
"Quill",2013,8,50,49,51.858683,-104.374455,2013-08-15,"1:10:00 PM",1.08,6.4,12,75.738,27.905,517,3.33333333333333,11311,6.29,82,8.79,7.39,12807,NA,19,15,395.01,6311.5,12.115,0.725473618036445,380.127149283272
"Rabbit",2013,8,99,97,52.608738,-107.018894,2013-08-09,"1:20:00 PM",1,6.5,5,90.086,23.31,509,1.38888888888889,6937,7.8,114,9.29,4.26,NA,4.994,19.93,9,395.01,7507.16666666667,NA,-44.5362089490388,132.378437970415
"Redberry",2013,8,98,96,52.621283,-107.018894,2013-08-09,"11:40:00 AM",5.8,14.8,5,112.171,30.1,506,1.38888888888889,16470,7.3,106,9.25,10.95,NA,11.98,19.45,9,395.01,9347.58333333333,NA,-34.0020479777522,158.155477893587
"Reesor",2013,8,13,12,49.664684,-110.105767,2013-08-06,"",0.65,5,35,40.858,6.883,1242,9.72222222222222,251.7,6.21,85.1,8.5,0.14,284.7,NA,18.9,6,395.01,3404.83333333333,20.535,9.37357658708081,544.649349623234
"Reflex",2013,8,66,65,52.663786,-110.005945,2013-08-20,"12:10:00 PM",2.8,2.8,20,1060.492,123.039,596,5.55555555555556,125760,2.53,62.2,9.41,102.22,132422,NA,22.4,20,395.01,88374.3333333333,1.235,11.9989341621182,544.56024901201
"Richmond",2013,8,76,75,52.010246,-108.021454,2013-08-22,"8:50:00 AM",0.16,1.8,22,109.253,71.434,629,6.11111111111111,14725,4.17,54.6,8.62,10.02,16978,NA,18.1,22,395.01,9104.41666666667,82.15,21.652753469794,803.613773409472
"Round",2013,8,81,80,50.540163,-102.367886,2013-08-26,"1:06:00 PM",1.187,10.4,10,58.955,13.931,445,2.77777777777778,1545,9.9,128.9,8.91,0.83,1642,NA,21.9,26,395.01,4912.91666666667,22.32,-11.136717680887,272.572105669002
"Shannon",2013,8,97,95,52.649965,-105.433425,2013-08-07,"9:51:00 AM",1.1,11.2,5,67.224,20.602,548,1.38888888888889,2631,8.4,126,9.49,1.5,NA,1.871,20.49,7,395.01,5602,4.775,-78.1329916576214,65.5450809656314
"Shoe",2013,8,37,36,49.715906,-105.356319,2013-08-12,"10:45:00 AM",0.69,3.8,22,133.091,41.637,683,6.11111111111111,35506,4.82,72.1,8.89,25.19,39423,NA,20.2,12,395.01,11090.9166666667,1.81,3.91522204354324,437.652863882857
"Shrimp",2013,8,58,57,51.591576,-108.451809,2013-08-19,"9:00:00 AM",0.29,3,22,45.542,17.917,698,6.11111111111111,800,3.38,47.3,9.04,0.41,838,NA,22.6,19,395.01,3795.16666666667,60.985,-14.2230406390192,160.634931205188
"Sink",2013,8,71,70,52.443573,-109.190351,2013-08-21,"",0.67,2.8,18,185.099,42.333,616,5,1849,1.79,23.6,8.59,2.83,5238,NA,21.1,21,395.01,15424.9166666667,29.36,78.5051983567119,1814.79198591124
"Snakehole",2013,8,101,99,50.50494,-108.489022,2013-08-17,"1:17:00 PM",2.2,2.4,5,127.306,164.32,649,1.38888888888889,70720,7.4,119,8.96,50.22,NA,47.36,23.46,17,395.01,10608.8333333333,NA,-6.88843063968732,304.827695325383
"Snipe",2013,8,30,29,51.233494,-108.858046,2013-08-09,"",0.55,1.2,9,136.656,31.364,649,2.5,2802,7.22,91,8.86,1.67,3180,NA,18.8,9,395.01,11388,12.845,28.2159324952838,673.626923424849
"Springwater",2013,8,59,58,52.012359,-108.388809,2013-08-19,"9:30:00 AM",3.1,3.1,24,124.795,42.871,668,6.66666666666667,10911,1.9,27.2,8.62,6.56,11505,NA,22.3,19,395.01,10399.5833333333,1.29,28.4524930295478,961.791729157147
"Stony Beach",2013,8,82,81,50.50326,-105.194846,2013-08-27,"10:17:00 PM",0.8835,2.7,15,60.952,24.394,569,4.16666666666667,675,8.44,111.2,9.55,0.35,717,NA,21.9,27,395.01,5079.33333333333,11.805,-53.0441021863362,58.2422376915944
"Success",2013,8,100,98,50.492171,-108.016639,2013-08-17,"9:20:00 AM",4.5,17.4,5,224.866,44.697,714,1.38888888888889,28370,8.4,133,9.57,18.59,NA,19.48,22.22,17,395.01,18738.8333333333,NA,-67.1401740387534,102.909722538237
"Suffern",2013,8,68,67,52.637829,-109.898604,2013-08-20,"2:25:00 PM",2.5,8,20,61.697,14.367,632,5.55555555555556,429.6,5.5,73.1,8.41,0.22,459.2,NA,21.6,20,395.01,5141.41666666667,4.815,31.3867158905279,1002.94613059006
"Summercove",2013,8,42,41,49.323444,-107.043242,2013-08-13,"7:21:00 AM",0.52,5,0,91.065,19.927,821,0,1739,7.33,95.9,8.99,0.98,1916,NA,20.2,13,395.01,7588.75,43.64,-2.38216675012139,341.604325022501
"Sunny",2013,8,60,59,52.022343,-108.51821,2013-08-19,"11:30:00 AM",4.29,15,14,322.56,59.852,659,3.88888888888889,11976,6.8,97.1,8.87,7.17,12487,NA,22.9,19,395.01,26880,4.255,77.2251756018784,1321.59279574685
"Thackery",2013,8,74,73,52.542642,-108.68657,2013-08-21,"8:45:00 AM",0.52,1.6,15,66.453,32.945,646,4.16666666666667,2044,4.6,58.2,9.43,1.17,2277,NA,19.6,21,395.01,5537.75,35.06,-35.673807540174,78.9922867765465
"Thomson",2013,8,40,39,49.771287,-106.597559,2013-08-12,"4:40:00 PM",1.13,8.3,14,64.018,16.643,708,3.88888888888889,1825,6.56,87,8.9,1.01,1982,NA,21,12,395.01,5334.83333333333,3.16,-5.12582509265719,298.732641313563
"Tramping",2013,8,61,60,52.034119,-108.820665,2013-08-19,"2:30:00 PM",0.94,3.4,0,203.823,87.464,606,0,18844,4.3,64.2,9.14,11.56,19425,NA,23.6,19,395.01,16985.25,37.385,2.90345313791091,378.980749054176
"Unknown 1",2013,8,54,53,51.546535,-104.268454,2013-08-16,"8:50:00 AM",0.61,1.8,10,104.956,34.638,646,2.77777777777778,2298,6.74,90.2,8.77,1.27,2459,NA,21.6,16,395.01,8746.33333333333,32.255,27.3499389761296,659.330206565412
"Unknown 3",2013,8,14,13,50.649814,-108.971851,2013-08-05,"10:00:00 AM",0,0.05,15,102.918,183.084,700,4.16666666666667,76794,1.5,30.5,8.57,57.83,82278,NA,21.5,5,395.01,8576.5,1112.455,16.388660397849,691.316256856803
"Van Scoy",2013,8,78,77,52.081379,-107.552726,2013-08-21,"",0.9,0.9,10,41.015,32.231,533,2.77777777777778,10145,8.58,111.1,8.81,6.45,11301,NA,19.6,21,395.01,3417.91666666667,1.69,-13.6783395129418,198.868732341978
"Vincent",2013,8,17,16,50.222664,-108.944649,2013-08-05,"",0.1,0.1,0,59.137,53.721,689,0,68235,3.1,57.3,9.42,49.87,72333,NA,22,5,395.01,4928.08333333333,315.85,-70.2063197314444,34.8643345331891
"Wakaw",2013,8,96,94,52.663265,-105.601008,2013-08-06,"4:16:00 PM",1.3,10.3,15,43.911,14.164,510,4.16666666666667,2672,8.3,125,8.84,1.5,NA,1.876,21.12,6,395.01,3659.25,NA,-10.3841867927326,229.547628721984
"Waldsea",2013,8,107,105,52.260211,-105.181378,2013-08-23,"1:00:00 PM",0,19.9,10,79.167,25.874,530,2.77777777777778,14280,7.2,108,9.07,9.28,NA,10.29,19.96,23,395.01,6597.25,NA,-18.7900883847471,187.540444993463
"White Heron",2013,8,62,61,51.891749,-109.046223,2013-08-19,"3:52:00 PM",0.3995,0.8,4,115.868,36.658,650,1.11111111111111,3596,7.26,102.9,9.01,1.88,3581,NA,25.3,19,395.01,9655.66666666667,33.515,5.02875534171926,387.777292217567
"WhiteBear",2013,8,9,8,49.773227,-102.25748,2013-08-01,"8:00:00 AM",1.5,8.5,12,136.217,34.879,736,3.33333333333333,3399,6.23,80.9,9.04,2.03,3824,NA,19.2,1,395.01,11351.4166666667,6.93,5.92392221529618,422.572757744519
"Willow Bunch",2013,8,39,38,49.447147,-105.461306,2013-08-12,"2:00:00 PM",0.19,1.1,10,129.943,16.171,667,2.77777777777778,4431.504,6.96,93,9.16,2.58,4796,NA,21.2,12,395.01,10828.5833333333,12.99,-10.0313119509433,288.135613709377
"Wolverine",2013,8,48,47,52.026726,-105.224675,2013-08-15,"10:40:00 AM",0.46,3.1,20,49.936,17.34,550,5.55555555555556,1479,11.33,147.6,8.96,0.8,1592,NA,21.3,15,395.01,4161.33333333333,39.755,-11.0141592342846,204.76340581501
"X3",2013,8,77,76,51.93777,-107.577721,2013-08-22,"2:00:00 PM",0.58,0.58,11,26.156,45.093,556,3.05555555555556,5192,10.79,140.79,9.75,3.08,5673,NA,20.3,22,395.01,2179.66666666667,5.02,-83.0725644486618,10.440043499097
"X5",2013,8,64,63,52.667951,-110.078509,2013-08-20,"9:45:00 AM",0.21,4.1,9,280.224,73.967,609,2.5,19371,3.18,44.4,9.09,12.62,21021,NA,20.9,20,395.01,23352,21.56,26.7069414561534,597.073699243036
"York",2013,8,57,56,51.156416,-102.480997,2013-08-16,"1:03:00 PM",1.0675,3,30,65.208,23.992,514,8.33333333333333,2047,9.13,122.3,8.97,1.09,2138,NA,22.9,16,395.01,5434,13.49,-6.0004086107478,254.596293066553
